| Feature / Section               | Status         | Instagram 2025 | Improved Version | Glimpses Name |
| ------------------------------- | -------------- | ----------------- | ------------------ | ----------------- |
| Authentication (Login / Signup) | Completed | | | | |
| Home Feed UI                    | In Progress | | | | |
| Story Section                   | In Progress | | | Reels | Glimpses |
| Post Upload System              | Pending | | | | |
| Explore Page                    | Pending | | | | |
| Chat & Messaging                | Pending | | | | |
| Notifications                   | Pending | | | | |
| Profile Page                    | In Progress | | | | |
| Search System                   | Pending | | | | |
| Settings Page                   | Working | | | | |
| Comments Section                | Working | | | | |
| Emoji Reactions                 | In Progress | | | | |
| Block / Report System           | Pending | | | | |
| Post Editing Tools              | Pending | | | | |
| Filters & Effects               | Pending | | | | |
| Theme & UI Polish               | In Progress | | | | |
| App Navigation (Tabs & Routes)  | Working | | | | |
| Performance Optimization        | Pending | | | | |
| Final Testing & UI Review       | Pending | | | | |
